time,totalNewCases,totalNewTests,undergradCases,undergradTests,gradCases,gradTests,facStaffCases,facStaffTests
 Aug-17-2020,26,8401,17,2883,3,1939,5,3412
 Aug-18-2020,21,6135,18,2712,1,1240,2,2060
 Aug-19-2020,30,6273,26,4023,2,1006,2,1159
 Aug-20-2020,56,10709,50,5579,2,1809,2,3134
 Aug-21-2020,57,10843,49,5936,4,2051,3,2683
 Aug-22-2020,44,3303,44,2791,0,331,0,153
 Aug-23-2020,53,4464,53,3870,0,425,0,145
 Aug-24-2020,83,17592,76,6965,4,4802,3,5546
 Aug-25-2020,89,14838,88,11605,1,1386,0,1688
 Aug-26-2020,54,6345,52,4348,0,968,1,926
 Aug-27-2020,47,14536,39,4893,3,4295,5,5112
 Aug-28-2020,63,13227,61,10190,0,1283,2,1598
 Aug-29-2020,49,2711,45,1905,2,419,0,340
 Aug-30-2020,104,3465,101,2637,1,466,1,328
 Aug-31-2020,231,17030,224,7187,2,4287,3,5293
 Sep-1-2020,197,13951,193,10542,1,1396,1,1844
 Sep-2-2020,120,6411,118,4415,2,942,0,950
 Sep-3-2020,87,14245,79,5823,4,3677,2,4519
 Sep-4-2020,102,13551,95,9600,1,1603,6,2168
 Sep-5-2020,33,2409,30,1585,2,408,1,367
 Sep-6-2020,34,2964,33,1711,1,578,0,629
 Sep-7-2020,60,6233,56,3175,1,1482,3,1495
 Sep-8-2020,76,10818,70,9544,1,496,3,653
 Sep-9-2020,44,11950,40,5405,1,2455,3,3821
 Sep-10-2020,34,6611,30,4267,1,941,2,1297
 Sep-11-2020,35,11211,33,9088,1,847,1,1132
 Sep-12-2020,9,4003,9,2096,0,825,0,999
 Sep-13-2020,17,4710,13,2513,2,1162,1,952
 Sep-14-2020,40,10171,32,6982,1,1489,5,1531
 Sep-15-2020,47,11222,43,9008,1,892,1,1156
 Sep-16-2020,23,9937,22,4418,0,1852,1,3485
 Sep-17-2020,17,7786,16,5375,0,918,1,1342
 Sep-18-2020,27,10354,23,8287,0,835,4,1099
 Sep-19-2020,12,3784,9,2061,2,784,1,853
 Sep-20-2020,11,4552,9,2515,0,1044,2,920
 Sep-21-2020,42,10369,39,7059,1,1556,2,1607
 Sep-22-2020,62,11095,57,8902,1,843,3,1184
 Sep-23-2020,29,9648,25,4255,1,1779,3,3392
 Sep-24-2020,27,9106,27,6283,0,1282,0,1397
 Sep-25-2020,41,10870,40,8606,0,1060,1,1046
 Sep-26-2020,17,3887,17,2141,0,775,0,899
 Sep-27-2020,28,4588,26,2515,0,1106,2,890
 Sep-28-2020,36,10723,35,7451,0,1534,0,1577
 Sep-29-2020,37,10618,34,8443,1,885,1,1146
 Sep-30-2020,32,10341,31,4925,0,1848,1,3371
 Oct-1-2020,27,7587,26,5199,1,916,0,1336
 Oct-2-2020,18,10741,16,8302,0,981,1,1297
 Oct-3-2020,9,3848,6,2045,0,780,3,943
 Oct-4-2020,7,4372,6,2275,1,1033,0,969
 Oct-5-2020,48,11116,39,7765,4,1565,5,1613
 Oct-6-2020,25,10314,21,7955,1,947,3,1258
 Oct-7-2020,21,9753,14,4343,1,1821,6,3374
 Oct-8-2020,14,7947,12,5426,0,983,2,1389
 Oct-9-2020,10,9682,8,7325,0,925,1,1260
 Oct-10-2020,11,3376,8,1791,1,689,2,817
 Oct-11-2020,8,4539,4,2402,1,1069,2,981
 Oct-12-2020,23,9572,19,6618,2,1307,2,1489
 Oct-13-2020,14,10083,12,7809,1,956,1,1168
 Oct-14-2020,11,9090,4,4038,1,1645,6,3219
 Oct-15-2020,9,8000,5,5399,1,992,2,1457
 Oct-16-2020,9,9655,7,7365,1,936,0,1223
 Oct-17-2020,2,3423,2,1777,0,675,0,890
 Oct-18-2020,6,4553,4,2450,2,1018,0,999
 Oct-19-2020,18,10604,13,7374,0,1464,3,1550
 Oct-20-2020,18,9933,11,7687,2,896,5,1206
 Oct-21-2020,20,9491,9,4337,1,1697,10,3250
 Oct-22-2020,23,8354,15,5676,1,1011,7,1464
 Oct-23-2020,23,9205,,,,,,
 Oct-24-2020,15,3825,10,2143,0,721,4,880
 Oct-25-2020,24,4680,17,2595,5,990,1,1000
 Oct-26-2020,73,11181,54,7666,1,1503,15,1780
 Oct-27-2020,41,10269,28,7797,2,1013,11,1280
 Oct-28-2020,37,9569,20,4505,3,1660,14,3187
 Oct-29-2020,25,8859,18,6063,1,1071,6,1509
 Oct-30-2020,37,10578,28,7866,5,1082,4,1448
 Oct-31-2020,9,3545,4,1919,3,679,2,868
 Nov-1-2020,14,4906,8,2814,3,933,1,1064
 Nov-2-2020,73,11897,57,8080,4,1620,10,1933
 Nov-3-2020,39,5744,33,4760,2,431,4,464
 Nov-4-2020,74,11670,42,6202,7,1830,24,3398
 Nov-5-2020,61,8887,36,5818,8,1113,16,1760
 Nov-6-2020,46,10197,28,7434,5,1024,12,1552
 Nov-7-2020,22,4148,15,2391,3,762,2,909
 Nov-8-2020,24,5181,7,3048,10,981,7,1059
 Nov-9-2020,73,11939,51,8100,4,1571,14,2021
 Nov-10-2020,57,10335,47,7183,4,1190,5,1776
 Nov-11-2020,52,11065,34,5149,3,2273,12,3393
 Nov-12-2020,36,9671,24,6004,4,1398,5,1997
 Nov-13-2020,34,11166,23,7571,0,1276,11,2094
 Nov-14-2020,16,4576,11,2222,0,936,5,1266
 Nov-15-2020,22,6471,11,3331,2,1454,7,1540
 Nov-16-2020,52,13538,33,8243,4,2162,10,2872
 Nov-17-2020,42,10235,30,6725,3,1269,8,1994
 Nov-18-2020,34,10386,21,5118,2,2170,10,2803
 Nov-19-2020,26,10395,13,6129,3,1562,8,2474
 Nov-20-2020,34,11172,24,7140,0,1468,8,2289
 Nov-21-2020,13,3486,11,1486,0,746,1,1099
 Nov-22-2020,19,3353,13,1052,2,814,3,1325
 Nov-23-2020,26,5794,15,1591,4,1290,6,2687
 Nov-24-2020,13,4407,6,1169,2,994,5,2017
 Nov-25-2020,14,5582,4,892,2,1440,7,2921
 Nov-27-2020,0,187,0,123,0,19,0,44
 Nov-28-2020,33,3526,19,934,1,919,12,1487
 Nov-29-2020,21,4102,12,1373,4,1087,4,1501
 Nov-30-2020,71,9544,47,4131,9,1897,12,3219
 Dec-1-2020,27,5769,17,2897,2,1060,7,1622
 Dec-2-2020,32,7564,22,3163,3,1645,5,2510
 Dec-3-2020,23,6681,15,2923,3,1241,5,2362
 Dec-4-2020,25,6939,12,3482,5,1234,8,1970
 Dec-5-2020,19,3064,14,1207,1,693,4,1045
 Dec-6-2020,23,4328,11,1922,4,929,6,1329
 Dec-7-2020,35,8506,20,3828,1,1586,13,2831
 Dec-8-2020,27,5891,21,2776,2,1044,3,1866
 Dec-9-2020,22,7109,12,3154,0,1467,6,2289
 Dec-10-2020,10,6235,6,2628,2,1178,2,2251
 Dec-11-2020,10,6297,7,2903,0,1103,0,2045
 Dec-12-2020,5,2887,2,1121,1,619,2,1024
 Dec-13-2020,10,2966,6,1126,0,624,2,1073
 Dec-14-2020,12,7820,4,3172,3,1573,5,2831
 Dec-15-2020,12,5104,1,2165,3,918,7,1840
 Dec-16-2020,14,5695,9,2296,0,1240,4,1977
 Dec-17-2020,11,5766,4,2137,2,1152,5,2292
 Dec-18-2020,6,5621,3,2264,1,1056,2,2064
 Dec-19-2020,8,2440,3,819,1,533,4,962
 Dec-20-2020,4,2163,0,594,0,522,4,930
 Dec-21-2020,14,4741,3,880,1,1148,8,2475
 Dec-22-2020,9,3413,3,665,2,850,4,1711
 Dec-23-2020,8,4853,1,719,1,1010,6,2808
 Dec-26-2020,15,1536,8,338,2,370,4,721
 Dec-27-2020,10,1697,0,366,3,408,7,820
 Dec-28-2020,20,2295,9,473,3,635,6,1048
 Dec-29-2020,17,2095,3,518,3,443,11,1010
 Dec-30-2020,15,3259,7,759,3,758,5,1562
 Jan-2-2021,23,3425,8,870,8,753,5,1638
 Jan-3-2021,18,2634,6,607,1,650,10,1253
 Jan-4-2021,33,5363,16,995,4,1198,12,2912
 Jan-5-2021,26,3129,9,735,3,686,13,1550
 Jan-6-2021,12,3920,7,804,2,935,3,2014
 Jan-7-2021,15,3924,7,696,4,876,4,2148
 Jan-8-2021,14,3650,3,861,1,759,9,1865
 Jan-9-2021,4,1910,2,398,0,465,1,935
 Jan-10-2021,8,2401,3,523,3,644,2,1104
 Jan-11-2021,12,5708,3,1147,3,1336,5,2969
 Jan-12-2021,17,3719,7,862,0,865,10,1831
 Jan-13-2021,18,4124,6,935,3,976,6,2029
 Jan-14-2021,5,4172,3,961,1,871,1,2161
 Jan-15-2021,15,5832,4,1604,8,2001,2,2054
 Jan-16-2021,12,2836,11,1190,1,623,0,911
 Jan-17-2021,18,4631,15,2624,1,727,2,1135
 Jan-18-2021,31,8621,25,5363,4,1516,2,1551
 Jan-19-2021,29,9058,13,3602,7,2187,9,3047
 Jan-20-2021,22,7285,18,3741,2,1301,2,2062
 Jan-21-2021,22,8893,14,5272,2,1404,5,2027
 Jan-22-2021,23,10398,19,5948,0,1664,2,2547
 Jan-23-2021,20,7163,14,4540,4,1319,2,1163
 Jan-24-2021,17,9590,14,6525,1,1504,0,1376
 Jan-25-2021,24,11495,17,6901,2,1804,5,2568
 Jan-26-2021,21,9865,16,6107,3,1504,2,2076
 Jan-27-2021,18,9696,13,5597,0,1656,4,2233
 Jan-28-2021,18,10352,10,6408,1,1512,6,2237
 Jan-29-2021,16,10359,7,6254,2,1558,5,2311
 Jan-30-2021,4,4704,4,2591,0,871,0,1110
 Jan-31-2021,17,6619,14,4231,2,1151,1,1094
 Feb-1-2021,66,14153,59,8747,2,2140,4,2966
 Feb-2-2021,41,10122,35,6248,2,1453,4,2189
 Feb-3-2021,31,9639,24,5650,1,1664,6,2102
 Feb-4-2021,36,9446,29,5790,3,1330,4,2133
 Feb-5-2021,57,10894,48,6830,3,1582,4,2249
 Feb-6-2021,22,4840,22,2803,0,831,0,1061
 Feb-7-2021,43,6512,40,4229,1,1070,0,1045
 Feb-8-2021,77,13450,67,8506,5,1982,3,2686
 Feb-9-2021,70,10391,63,6630,2,1396,5,2150
 Feb-10-2021,44,9379,43,5725,0,1494,1,1959
 Feb-11-2021,39,10179,32,6414,1,1479,6,2065
 Feb-12-2021,30,10563,26,6554,0,1475,3,2292
 Feb-13-2021,24,4463,19,2447,2,883,2,1010
 Feb-14-2021,31,6411,25,4051,2,1226,3,1002
 Feb-15-2021,53,10678,44,6963,3,1630,6,1873
 Feb-16-2021,43,8256,34,5624,3,1348,6,1151
 Feb-17-2021,37,10623,30,5714,2,1898,4,2774
 Feb-18-2021,41,10318,36,6502,2,1550,3,2014
 Feb-19-2021,29,10627,21,6686,4,1539,4,2169
 Feb-20-2021,12,4860,9,2812,3,930,0,1000
 Feb-21-2021,14,7084,10,4378,2,1306,2,1245
 Feb-22-2021,32,13845,29,8431,1,2222,2,2909
 Feb-23-2021,26,10326,22,6531,2,1537,2,2034
 Feb-24-2021,19,9428,14,5572,2,1591,3,2054
 Feb-25-2021,9,9953,8,6019,1,1544,0,2142
 Feb-26-2021,11,10823,7,6638,1,1619,3,2320
 Feb-27-2021,7,4401,6,2427,0,896,1,964
 Feb-28-2021,5,6709,2,4109,2,1222,0,1192
 Mar-1-2021,15,14016,12,8320,1,2337,2,3060
 Mar-2-2021,10,9778,8,6048,1,1444,1,2029
 Mar-3-2021,10,9019,10,5280,0,1578,0,1968
 Mar-4-2021,9,10061,9,6218,0,1481,0,2111
 Mar-5-2021,7,10106,6,6099,1,1608,0,2144
 Mar-6-2021,4,4153,3,2361,1,808,0,874
 Mar-7-2021,5,6165,4,3632,0,1193,1,1200
 Mar-8-2021,23,14395,21,8762,2,2362,0,2955
 Mar-9-2021,10,9443,8,5864,1,1386,0,1987
 Mar-10-2021,10,8661,8,5172,0,1407,1,1897
 Mar-11-2021,5,9569,3,5811,1,1301,1,2037
 Mar-12-2021,8,9962,5,6012,0,1383,2,2152
 Mar-13-2021,3,3805,2,2121,0,615,1,796
 Mar-14-2021,2,5150,2,3018,0,1010,0,989
 Mar-15-2021,5,12407,4,7613,0,1754,1,2591
 Mar-16-2021,6,10063,3,6214,0,1454,3,2016
 Mar-17-2021,5,7469,2,4401,1,1187,2,1710
 Mar-18-2021,8,8028,5,4818,0,1126,2,1724
 Mar-19-2021,2,9711,2,5790,0,1429,0,2092
 Mar-20-2021,1,3817,1,2158,0,605,0,799
 Mar-21-2021,1,5228,1,3126,0,921,0,1037
 Mar-22-2021,11,13169,7,7885,2,1967,2,2847
 Mar-23-2021,8,8924,5,5276,2,1312,1,1959
 Mar-24-2021,11,7340,5,4177,2,1193,4,1777
 Mar-25-2021,9,8424,6,5041,1,1202,0,1964
 Mar-26-2021,9,9352,7,5703,1,1290,0,2090
 Mar-27-2021,6,3622,3,2049,2,634,1,828
 Mar-28-2021,4,5329,3,3175,0,939,1,1065
 Mar-29-2021,23,13293,19,8058,2,2029,2,2923
 Mar-30-2021,22,8687,20,5360,1,1186,1,1954
 Mar-31-2021,13,7543,10,4311,1,1213,2,1718
 Apr-1-2021,11,8591,6,5175,1,1277,4,1948
 Apr-2-2021,10,8983,6,5320,1,1309,3,2098
 Apr-3-2021,4,3389,4,1793,0,561,0,926
 Apr-4-2021,2,3220,2,1836,0,621,0,643
 Apr-5-2021,24,13513,19,8041,2,2161,2,2981
 Apr-6-2021,16,9024,6,5467,3,1293,6,2057
 Apr-7-2021,11,7223,8,4253,0,1056,3,1704
 Apr-8-2021,7,8187,5,4845,1,1157,1,1940
 Apr-9-2021,9,9225,5,5576,2,1329,1,2081
 Apr-10-2021,6,3321,3,1909,2,505,1,795
 Apr-11-2021,5,4788,4,2833,1,859,0,949
 Apr-12-2021,19,13480,15,8214,1,2075,3,2876
 Apr-13-2021,15,8474,10,5025,2,1328,2,1920
 Apr-14-2021,10,7944,9,4813,1,1200,0,1679
 Apr-15-2021,9,8610,8,5177,1,1241,0,2026
 Apr-16-2021,11,9070,6,5566,1,1273,3,2043
 Apr-17-2021,4,3370,2,1976,0,562,2,734
 Apr-18-2021,1,5126,1,3206,0,814,0,971
 Apr-19-2021,20,13598,14,8247,4,2064,1,2994
 Apr-20-2021,8,6822,3,4100,3,954,2,1631
 Apr-21-2021,18,8035,12,4958,3,1190,2,1680
 Apr-22-2021,11,8707,6,5208,0,1265,4,2028
 Apr-23-2021,10,8780,6,5278,1,1276,3,2038
 Apr-24-2021,7,3084,7,1768,0,489,0,734
 Apr-25-2021,11,4968,5,3010,1,851,5,951
 Apr-26-2021,11,13004,7,7827,1,2063,3,2909
 Apr-27-2021,8,8533,5,5163,0,1209,2,1926
 Apr-28-2021,5,6582,3,3866,0,962,2,1590
 Apr-29-2021,2,8265,1,4902,0,1164,1,2023
 Apr-30-2021,1,8520,0,5278,1,1225,0,1866
 May-1-2021,3,2862,1,1668,0,527,1,586
 May-2-2021,2,4627,1,2883,0,724,1,888
 May-3-2021,8,11622,5,6804,0,1788,3,2831
 May-4-2021,8,7341,5,4389,0,1023,3,1767
 May-5-2021,2,6728,2,4041,0,1061,0,1466
 May-6-2021,3,6769,3,3716,0,1011,0,1907
 May-7-2021,0,7442,0,4267,0,1163,0,1851
 May-8-2021,1,2799,1,1661,0,476,0,586
 May-9-2021,3,3610,3,2165,0,623,0,708
 May-10-2021,1,9901,1,5101,0,1767,0,2863
 May-11-2021,4,6575,4,3463,0,1144,0,1830
 May-12-2021,2,5431,2,2893,0,990,0,1394
 May-13-2021,2,5466,1,2546,0,992,1,1797
 May-14-2021,3,5167,2,2174,0,1029,1,1805
 May-15-2021,1,1590,1,646,0,371,0,508
 May-16-2021,2,1932,0,634,1,497,0,699
 May-17-2021,5,4081,2,900,1,926,1,2052
 May-18-2021,3,2679,1,698,0,664,2,1186
 May-19-2021,2,2318,0,577,0,503,2,1129
 May-20-2021,1,1899,0,389,0,500,1,932
 May-21-2021,0,2012,0,451,0,524,0,954
 May-22-2021,0,749,0,130,0,220,0,346
 May-23-2021,0,1140,0,256,0,318,0,481
 May-24-2021,3,3605,0,686,1,926,2,1810
 May-25-2021,2,2288,0,494,1,572,0,1161
 May-26-2021,0,2024,0,387,0,502,0,1068
 May-27-2021,1,1768,0,333,1,482,0,879
 May-28-2021,1,1802,1,309,0,483,0,866
 May-29-2021,0,773,0,157,0,211,0,345
 May-30-2021,0,889,0,214,0,227,0,384
 Jun-1-2021,2,4152,0,811,1,1159,1,2054
 Jun-2-2021,1,2449,0,440,0,599,1,1321
 Jun-3-2021,1,1948,0,416,0,453,1,944
 Jun-4-2021,1,1912,1,395,0,480,0,917
 Jun-5-2021,0,675,0,96,0,171,0,341
 Jun-6-2021,0,870,0,174,0,235,0,395
 Jun-7-2021,0,2901,0,574,0,773,0,1435
 Jun-8-2021,1,2238,0,424,0,623,0,1116
 Jun-9-2021,0,2044,0,380,0,500,0,1079
 Jun-10-2021,0,1825,0,411,0,479,0,865
 Jun-11-2021,1,1691,0,339,0,417,1,805
 Jun-12-2021,0,624,0,97,0,167,0,315
 Jun-13-2021,0,918,0,206,0,233,0,407
 Jun-14-2021,1,2967,0,615,0,784,1,1478
 Jun-15-2021,1,2128,0,404,0,579,0,1067
 Jun-16-2021,0,1904,0,319,0,471,0,1056
 Jun-17-2021,0,1770,0,409,0,443,0,815
 Jun-18-2021,0,1565,0,278,0,431,0,785
 Jun-19-2021,0,424,0,61,0,135,0,195
 Jun-20-2021,0,498,0,95,0,133,0,233
 Jun-21-2021,0,1800,0,352,0,436,0,936
 Jun-22-2021,0,1101,0,218,0,247,0,590
 Jun-23-2021,0,847,0,155,0,189,0,471
 Jun-24-2021,1,737,0,166,0,150,1,354
 Jun-25-2021,0,811,0,151,0,182,0,415
 Jun-26-2021,0,268,0,50,0,69,0,122
 Jun-27-2021,0,271,0,58,0,69,0,113
 Jun-28-2021,0,1219,0,258,0,282,0,645
 Jun-29-2021,0,836,0,161,0,177,0,467
 Jun-30-2021,0,649,0,120,0,153,0,353
 Jul-1-2021,1,669,0,169,0,127,1,330
 Jul-2-2021,0,717,0,111,0,137,0,358
 Jul-3-2021,0,235,0,43,0,55,0,107
 Jul-6-2021,1,1246,1,213,0,268,0,723
 Jul-7-2021,2,729,2,122,0,137,0,430
 Jul-8-2021,0,702,0,156,0,137,0,341
 Jul-9-2021,1,694,0,114,0,122,1,405
 Jul-10-2021,1,191,0,35,1,42,0,94
 Jul-11-2021,0,154,0,38,0,31,0,73
 Jul-12-2021,4,855,0,173,1,161,3,492
 Jul-13-2021,1,627,0,116,1,120,0,360
 Jul-14-2021,1,557,0,112,0,116,0,309
 Jul-15-2021,3,605,1,132,2,91,0,303
 Jul-16-2021,0,637,0,92,0,103,0,373
 Jul-17-2021,2,194,1,31,1,41,0,108
 Jul-18-2021,2,260,0,56,1,50,0,123
 Jul-19-2021,7,876,1,152,0,169,6,521
 Jul-20-2021,2,644,0,98,0,120,2,389
 Jul-21-2021,3,561,1,94,0,99,2,342
 Jul-22-2021,4,644,3,103,0,111,1,337
 Jul-23-2021,7,649,2,85,0,139,4,402
 Jul-24-2021,0,185,0,38,0,35,0,96
 Jul-25-2021,1,233,0,48,0,45,0,116
 Jul-26-2021,1,853,0,152,1,132,0,544
 Jul-27-2021,5,702,2,119,1,140,2,402
 Jul-28-2021,8,677,2,135,2,122,4,390
 Jul-29-2021,7,784,3,121,1,155,3,395
 Jul-30-2021,4,944,1,123,0,170,3,534
 Jul-31-2021,2,289,2,48,0,58,0,163
 Aug-1-2021,0,388,0,91,0,65,0,209
 Aug-2-2021,5,1289,1,201,1,216,3,810
 Aug-3-2021,8,926,2,166,1,136,4,574
 Aug-4-2021,7,935,2,180,0,161,3,515
 Aug-5-2021,7,1019,2,167,1,166,3,584
 Aug-6-2021,7,1052,3,169,0,170,4,663
 Aug-7-2021,3,339,0,80,1,71,1,163
 Aug-8-2021,8,451,1,98,1,85,5,232
 Aug-9-2021,8,1275,2,161,0,258,6,790
 Aug-10-2021,7,1080,1,151,1,190,5,667
 Aug-11-2021,8,922,3,141,0,195,5,532
 Aug-12-2021,8,975,2,128,1,209,3,572
 Aug-13-2021,8,1304,4,216,0,285,3,740
 Aug-14-2021,3,425,1,107,0,93,2,185
 Aug-15-2021,5,740,0,259,0,145,5,265
 Aug-16-2021,12,2206,2,810,2,396,7,864
 Aug-17-2021,11,1691,3,660,2,258,6,684
 Aug-18-2021,17,1930,7,985,0,298,10,529
 Aug-19-2021,15,2131,10,987,1,357,4,689
 Aug-20-2021,14,2072,6,951,2,352,6,705
 Aug-21-2021,8,1265,7,859,0,167,0,206
 Aug-22-2021,19,2485,14,1805,2,350,3,264
 Aug-23-2021,29,4487,18,2899,0,601,8,904
 Aug-24-2021,22,3155,13,1996,2,363,6,728
 Aug-25-2021,25,3175,18,2171,0,363,7,594
 Aug-26-2021,19,3153,15,2055,3,352,1,684
 Aug-27-2021,21,3839,18,2445,2,433,1,886
 Aug-28-2021,26,1284,26,934,0,152,0,174
 Aug-29-2021,23,3183,18,2503,3,308,1,323
 Aug-30-2021,74,5434,61,3684,7,634,5,1026
 Aug-31-2021,62,5557,51,4161,4,492,7,788
 Sep-1-2021,43,5314,32,3931,3,497,7,762
 Sep-2-2021,25,5384,21,3687,2,668,2,903
 Sep-3-2021,25,4318,19,2665,0,525,6,1022
 Sep-4-2021,12,1282,11,867,0,149,0,215
 Sep-5-2021,15,1744,13,1159,0,243,2,276
 Sep-6-2021,10,2712,8,1966,0,331,1,348
 Sep-7-2021,18,5502,12,3507,1,645,5,1220
 Sep-8-2021,25,3954,23,2755,0,413,2,674
 Sep-9-2021,33,5247,26,4020,1,389,6,752
 Sep-10-2021,13,3713,10,2276,0,387,3,927
 Sep-11-2021,6,1293,3,943,1,136,2,176
 Sep-12-2021,8,2175,5,1532,1,239,2,313
 Sep-13-2021,11,4134,8,2509,1,500,2,1007
 Sep-14-2021,5,3455,3,2188,0,361,2,770
 Sep-15-2021,10,3213,5,2141,1,346,4,583
 Sep-16-2021,5,3603,3,2354,0,410,2,765
 Sep-17-2021,2,2972,1,1669,0,357,1,807
 Sep-18-2021,1,998,1,689,0,104,0,162
 Sep-19-2021,2,1871,1,1334,0,192,0,291
 Sep-20-2021,10,3890,4,2266,2,487,3,964
 Sep-21-2021,6,2996,4,1877,0,329,2,683
 Sep-22-2021,2,2948,1,2024,0,273,1,516
 Sep-23-2021,10,3151,5,1956,2,336,2,714
 Sep-24-2021,7,3394,5,2046,0,342,2,809
 Sep-25-2021,5,935,3,624,0,112,2,156
 Sep-26-2021,5,1703,4,1225,0,184,1,242
 Sep-27-2021,10,3653,4,2107,2,395,4,904
 Sep-28-2021,8,2965,2,1827,1,328,4,705
 Sep-29-2021,7,2657,4,1776,0,232,2,507
 Sep-30-2021,4,2941,4,1803,0,273,0,693
 Oct-1-2021,3,2478,0,1356,1,258,2,704
 Oct-2-2021,1,675,0,447,0,71,1,123
 Oct-3-2021,1,1487,1,1013,0,149,0,270
 Oct-4-2021,4,3188,1,1860,0,322,3,832
 Oct-5-2021,8,2338,5,1387,1,248,2,623
 Oct-6-2021,8,2469,5,1616,1,224,2,493
 Oct-7-2021,5,2617,4,1623,0,277,0,590
 Oct-8-2021,6,2481,2,1348,0,244,3,701
 Oct-9-2021,2,731,1,501,0,93,1,111
 Oct-10-2021,5,1442,4,1053,0,139,1,203
 Oct-11-2021,12,2678,10,1559,0,288,0,706
 Oct-12-2021,5,2470,1,1511,0,238,3,613
 Oct-13-2021,1,2133,1,1347,0,188,0,462
 Oct-14-2021,3,2395,2,1532,1,196,0,540
 Oct-15-2021,8,3143,6,2033,0,286,1,666
 Oct-16-2021,1,867,0,622,0,95,1,122
 Oct-17-2021,1,1135,1,810,0,103,0,191
 Oct-18-2021,8,2885,3,1583,3,326,2,866
 Oct-19-2021,3,2391,1,1555,0,232,2,518
 Oct-20-2021,2,2624,1,1488,1,237,0,768
 Oct-21-2021,2,2314,2,1461,0,176,0,510
 Oct-22-2021,1,2250,0,1239,0,169,1,703
 Oct-23-2021,0,702,0,479,0,66,0,121
 Oct-24-2021,5,1140,3,808,1,103,1,185
 Oct-25-2021,4,2605,3,1371,0,217,1,898
 Oct-26-2021,10,2057,6,1294,1,201,3,477
 Oct-27-2021,15,2384,13,1339,0,226,1,712
 Oct-28-2021,11,2180,9,1427,1,190,1,443
 Oct-29-2021,6,2549,6,1448,0,240,0,713
 Oct-30-2021,4,613,3,428,0,63,1,103
 Oct-31-2021,7,1123,5,780,1,100,1,191
 Nov-1-2021,18,2610,15,1444,2,251,1,840
 Nov-2-2021,32,2445,25,1561,2,285,5,484
 Nov-3-2021,46,2728,38,1659,5,251,3,735
 Nov-4-2021,25,2713,24,1787,0,203,1,524
 Nov-5-2021,34,3094,29,2060,1,208,2,706
 Nov-6-2021,20,951,16,695,4,109,0,113
 Nov-7-2021,21,1675,15,1300,2,118,4,213
 Nov-8-2021,42,3438,28,2057,3,327,10,893
 Nov-9-2021,26,2677,18,1910,3,210,4,448
 Nov-10-2021,26,3097,22,1909,2,303,2,760
 Nov-11-2021,19,2932,15,1973,4,295,0,494
 Nov-12-2021,17,2976,12,1873,0,266,4,719
 Nov-13-2021,10,1069,7,778,1,103,2,150
 Nov-14-2021,9,1552,6,1139,1,143,2,232
 Nov-15-2021,17,3322,10,2053,1,336,6,834
 Nov-16-2021,5,2742,2,1843,2,265,1,525
 Nov-17-2021,22,3159,14,2049,1,269,5,754
 Nov-18-2021,17,3314,12,2272,0,324,5,570
 Nov-19-2021,11,2837,7,1651,1,299,1,723
 Nov-20-2021,1,607,1,304,0,103,0,162
 Nov-21-2021,7,609,3,230,0,106,4,215
 Nov-22-2021,13,1293,4,174,0,161,9,842
 Nov-23-2021,7,1098,2,166,1,179,4,575
 Nov-24-2021,5,1214,0,94,0,152,5,751
 Nov-27-2021,10,540,1,214,0,124,8,166
 Nov-28-2021,30,2102,19,1178,5,279,6,480
 Nov-29-2021,50,3696,27,1842,6,491,16,1196
 Nov-30-2021,41,2366,27,1357,2,320,11,591
 Dec-1-2021,37,2648,17,1485,4,271,14,815
 Dec-2-2021,26,2615,17,1508,3,276,5,578
 Dec-3-2021,22,2705,13,1552,1,257,6,769
 Dec-4-2021,13,1010,12,680,0,114,1,174
 Dec-5-2021,20,1251,16,768,1,148,3,261
 Dec-6-2021,20,3288,11,1937,4,330,5,924
 Dec-7-2021,32,2249,19,1366,5,250,7,535
 Dec-8-2021,33,2730,20,1521,4,290,6,798
 Dec-9-2021,22,2339,13,1270,0,322,6,566
 Dec-10-2021,22,2389,11,1079,1,290,9,836
 Dec-11-2021,11,919,7,461,1,165,3,222
 Dec-12-2021,15,1443,9,807,2,209,4,289
 Dec-13-2021,40,2655,12,1141,11,354,16,965
 Dec-14-2021,40,2215,25,1074,5,356,9,604
 Dec-15-2021,51,2613,36,1147,6,372,9,924
 Dec-16-2021,51,2711,32,1356,7,382,9,722
 Dec-17-2021,51,2856,36,1273,3,467,11,1008
 Dec-18-2021,43,1178,36,621,5,213,2,289
 Dec-19-2021,51,1119,32,373,15,303,4,370
 Dec-20-2021,73,2080,43,396,9,448,20,1123
 Dec-21-2021,97,1719,60,361,19,359,17,881
 Dec-22-2021,92,2197,48,404,19,413,22,1239
 Dec-23-2021,72,2516,31,404,19,488,15,1420
 Dec-26-2021,100,990,42,209,16,225,31,451
 Dec-27-2021,138,1419,59,337,27,316,41,617
 Dec-28-2021,101,1308,36,318,34,339,23,527
 Dec-29-2021,136,1657,55,348,30,355,43,815
 Dec-30-2021,131,2228,50,454,28,508,43,1088
 Jan-2-2022,138,1622,46,370,36,400,53,720
 Jan-3-2022,282,3822,88,667,61,1027,111,1836
 Jan-4-2022,205,3602,42,601,54,891,85,1844
 Jan-5-2022,217,4428,44,674,60,929,96,2495
 Jan-6-2022,139,3024,50,564,45,836,39,1399
 Jan-7-2022,130,3040,53,531,24,780,48,1483
 Jan-8-2022,53,1233,29,286,13,352,7,461
 Jan-9-2022,95,1848,28,447,34,516,30,665
 Jan-10-2022,212,4791,68,1152,61,1254,69,2021
 Jan-11-2022,130,3328,38,871,25,928,55,1205
 Jan-12-2022,138,3779,45,1019,33,912,45,1490
 Jan-13-2022,110,3602,47,1099,21,893,31,1231
 Jan-14-2022,117,4429,41,1441,31,1007,33,1586
 Jan-15-2022,113,2882,59,1600,29,648,17,467
 Jan-16-2022,180,5576,128,4063,22,704,15,579
 Jan-17-2022,232,7349,175,5573,29,858,23,624
 Jan-18-2022,284,7243,181,4690,28,824,66,1377
 Jan-19-2022,192,5448,122,3331,16,697,45,1072
 Jan-20-2022,158,4910,99,2980,19,673,32,961
 Jan-21-2022,161,5404,99,3329,26,679,26,1051
 Jan-22-2022,122,4004,94,2926,10,466,16,432
 Jan-23-2022,191,5113,143,3798,20,573,23,548
 Jan-24-2022,249,5347,187,3032,22,666,34,1285
 Jan-25-2022,238,3813,184,2350,20,450,26,755
 Jan-26-2022,230,4240,180,2445,18,496,24,982
 Jan-27-2022,186,4094,145,2441,17,502,14,819
 Jan-28-2022,116,3886,86,2050,9,524,14,1008
 Jan-29-2022,75,1459,49,896,7,196,17,289
 Jan-30-2022,95,2215,70,1343,6,326,11,402
 Jan-31-2022,213,4579,153,2479,18,550,25,1185
 Feb-1-2022,287,5137,238,3598,28,471,10,752
 Feb-3-2022,101,1600,93,1448,5,90,1,33
 Feb-4-2022,137,3262,117,2442,8,260,8,460
 Feb-5-2022,49,1484,37,1098,3,140,8,159
 Feb-6-2022,80,2683,67,2017,4,223,7,297
 Feb-7-2022,116,4826,93,3155,6,397,16,994
 Feb-8-2022,71,3534,53,2416,12,343,5,538
 Feb-9-2022,62,3686,43,2388,9,324,8,756
 Feb-10-2022,30,3788,23,2493,2,402,3,556
 Feb-11-2022,33,3429,26,2097,1,332,3,762
 Feb-12-2022,16,1165,12,815,3,113,1,171
 Feb-13-2022,10,1503,4,1057,2,141,3,200
 Feb-14-2022,29,3488,18,2157,5,314,5,819
 Feb-15-2022,24,2753,15,1712,0,288,8,514
 Feb-16-2022,29,3019,18,1882,2,276,6,670
 Feb-17-2022,16,1360,9,839,3,107,3,232
 Feb-18-2022,19,2962,16,2065,3,252,0,424
 Feb-19-2022,5,821,3,520,0,98,2,138
 Feb-20-2022,18,1385,13,973,4,132,1,181
 Feb-21-2022,47,3265,34,1961,10,306,2,806
 Feb-22-2022,13,2425,10,1495,1,241,2,472
 Feb-23-2022,10,2425,2,1438,4,211,3,588
 Feb-24-2022,6,2099,3,1317,1,221,1,374
 Feb-25-2022,14,2375,8,1338,4,227,1,598
 Feb-26-2022,0,735,0,492,0,74,0,125
 Feb-27-2022,11,1166,8,738,1,137,2,213
 Feb-28-2022,6,2789,2,1634,2,264,2,723
 Mar-1-2022,9,2027,5,1249,2,208,1,400
 Mar-2-2022,3,2260,1,1368,1,207,1,580
 Mar-3-2022,1,2162,0,1442,0,184,1,381
 Mar-4-2022,4,2205,2,1271,0,158,2,576
 Mar-5-2022,1,724,0,514,0,62,1,111
 Mar-6-2022,5,1094,2,766,1,114,2,152
 Mar-7-2022,12,2550,8,1430,3,238,0,704
 Mar-8-2022,13,1951,8,1246,2,191,3,359
 Mar-9-2022,7,2249,4,1324,2,243,1,590
 Mar-10-2022,3,2029,1,1232,0,235,0,407
 Mar-11-2022,5,1751,2,912,2,246,1,519
 Mar-12-2022,3,372,0,158,2,89,0,101
 Mar-13-2022,0,279,0,53,0,77,0,120
 Mar-14-2022,3,815,1,83,0,113,1,529
 Mar-15-2022,5,495,3,60,0,98,2,285
 Mar-16-2022,4,641,1,72,1,111,2,422
 Mar-17-2022,7,676,2,196,1,115,4,290
 Mar-18-2022,4,641,1,143,1,86,2,370
 Mar-19-2022,10,591,6,272,2,113,1,139
 Mar-20-2022,28,2561,20,1884,4,234,3,287
 Mar-21-2022,30,5704,19,4472,5,391,5,713
 Mar-22-2022,35,3757,23,3079,6,254,4,340
 Mar-23-2022,28,3664,19,2993,6,261,3,354
 Mar-24-2022,24,4384,17,3722,5,250,2,309
 Mar-25-2022,15,4787,13,4141,0,215,1,354
 Mar-26-2022,3,725,2,517,0,74,1,101
 Mar-27-2022,10,1267,5,906,3,105,1,162
 Mar-28-2022,75,4473,57,3660,9,248,8,476
 Mar-29-2022,53,2739,41,2103,7,223,5,366
 Mar-30-2022,58,3658,49,3128,5,187,3,286
 Mar-31-2022,32,2881,24,2294,5,168,3,306
 Apr-1-2022,11,1854,8,1318,2,138,0,355
 Apr-2-2022,10,533,6,361,2,58,1,87
 Apr-3-2022,13,912,10,630,0,76,3,146
 Apr-4-2022,65,2710,42,1870,9,228,13,500
 Apr-5-2022,42,1926,26,1354,6,177,9,331
 Apr-6-2022,44,1816,31,1277,10,153,3,329
 Apr-7-2022,56,1962,39,1303,5,197,9,344
 Apr-8-2022,46,1622,32,1023,8,180,6,331
 Apr-9-2022,31,581,25,378,3,64,3,112
 Apr-10-2022,55,924,46,589,4,93,5,180
 Apr-11-2022,154,2766,119,1834,20,294,14,542
 Apr-12-2022,173,2656,142,1942,19,276,10,374
 Apr-13-2022,138,2622,120,1917,13,278,5,382
 Apr-14-2022,104,3346,77,2350,16,396,7,418
 Apr-15-2022,70,2644,57,1863,8,281,3,417
 Apr-16-2022,39,929,29,631,2,115,8,155
 Apr-18-2022,122,3055,89,2039,14,334,16,606
 Apr-19-2022,106,2208,75,1478,11,280,16,380
 Apr-20-2022,65,2178,42,1529,9,239,14,359
 Apr-21-2022,55,1965,38,1293,5,240,10,351
 Apr-22-2022,50,2092,38,1349,4,256,8,398
 Apr-23-2022,15,624,11,372,2,108,2,111
 Apr-24-2022,31,741,18,455,1,94,10,150
 Apr-25-2022,68,2297,49,1484,7,261,9,495
 Apr-26-2022,75,1982,50,1301,12,234,8,389
 Apr-27-2022,42,1957,32,1301,2,197,8,413
 Apr-28-2022,36,1866,25,1185,3,204,7,373
 Apr-29-2022,30,1751,10,1120,11,189,7,391
 Apr-30-2022,15,460,6,257,0,80,8,93
 May-1-2022,32,684,18,376,5,104,6,156
 May-2-2022,36,1773,16,936,9,245,11,523
 May-3-2022,82,1519,47,846,13,238,21,391
 May-4-2022,87,1738,46,941,19,295,19,430
 May-5-2022,53,1297,26,638,11,219,14,356
 May-6-2022,58,1612,21,810,10,253,24,456
 May-7-2022,14,559,5,284,6,117,2,130
 May-8-2022,37,524,15,250,11,103,11,144
 May-9-2022,67,1615,26,679,10,275,29,607
 May-10-2022,52,1330,27,601,10,210,13,446
 May-11-2022,55,1185,22,567,12,203,19,371
 May-12-2022,41,1296,24,616,10,240,5,348
 May-13-2022,45,1388,26,682,11,221,6,427
 May-14-2022,14,408,6,218,5,96,3,76
 May-15-2022,30,459,8,181,13,114,6,119
 May-16-2022,52,940,11,271,14,240,26,390
 May-17-2022,33,773,7,217,10,164,15,346
 May-18-2022,33,690,10,156,7,187,13,302
 May-19-2022,32,752,5,176,8,191,15,306
 May-20-2022,34,682,8,126,12,156,13,337
 May-21-2022,15,295,7,77,2,82,6,112
 May-22-2022,16,171,4,39,3,37,8,75
 May-23-2022,47,790,13,148,12,188,20,407
 May-24-2022,32,658,8,124,6,132,17,351
 May-25-2022,29,563,7,99,12,147,7,276
 May-26-2022,28,540,7,101,10,139,10,272
 May-27-2022,33,639,10,127,9,149,14,327
 May-28-2022,15,273,4,64,5,80,5,110
 May-31-2022,82,1040,21,194,25,243,31,525
 Jun-1-2022,58,648,14,126,18,177,19,303
 Jun-2-2022,35,716,12,126,7,185,13,364
 Jun-3-2022,40,710,10,120,11,177,17,379
 Jun-6-2022,52,810,7,130,13,196,26,436
 Jun-7-2022,26,556,8,97,4,125,14,299
 Jun-8-2022,26,539,7,106,3,112,14,283
 Jun-9-2022,36,589,13,134,6,158,15,273
 Jun-10-2022,26,590,5,87,5,131,13,341
 Jun-13-2022,46,703,6,131,17,156,22,396
 Jun-14-2022,36,501,11,84,11,113,13,283
 Jun-15-2022,26,485,3,74,8,102,14,278
 Jun-16-2022,15,590,2,109,4,138,9,322
 Jun-20-2022,47,807,8,135,17,209,20,439
 Jun-21-2022,25,489,1,83,11,136,10,248
 Jun-22-2022,24,508,7,86,6,136,10,257
 Jun-23-2022,19,523,5,117,5,116,9,264
 Jun-24-2022,22,552,7,91,4,141,10,296
 Jun-27-2022,50,755,6,111,17,198,26,418
 Jun-28-2022,39,484,5,91,16,107,16,264
 Jun-29-2022,30,472,6,80,11,119,11,255
 Jun-30-2022,32,506,8,103,15,135,9,245
 Jul-1-2022,26,548,6,86,5,131,13,301
 Jul-5-2022,82,748,9,113,28,180,42,427
 Jul-6-2022,54,554,12,89,17,135,21,307
 Jul-7-2022,37,470,3,90,14,110,18,244
 Jul-8-2022,41,594,8,92,17,154,13,324
 Jul-11-2022,57,764,9,113,16,175,28,444
 Jul-12-2022,39,529,10,96,8,132,18,276
 Jul-13-2022,33,536,12,105,14,133,7,279
 Jul-14-2022,32,500,7,108,13,134,11,232
 Jul-15-2022,29,585,7,113,9,139,12,291
 Jul-18-2022,56,820,18,148,15,189,21,447
 Jul-19-2022,27,557,6,113,7,110,12,297
 Jul-20-2022,35,481,9,91,7,95,14,267
 Jul-21-2022,25,535,3,120,12,127,10,259
 Jul-22-2022,35,629,8,101,9,144,17,342
 Jul-25-2022,55,823,12,163,10,156,28,461
 Jul-26-2022,36,534,10,113,6,114,16,278
 Jul-27-2022,32,470,8,83,11,127,13,230
 Jul-28-2022,35,487,7,100,9,106,16,245
 Jul-29-2022,41,594,14,123,10,124,15,321
 Aug-1-2022,67,689,18,115,21,155,27,398
 Aug-2-2022,46,455,11,68,11,101,20,255
 Aug-3-2022,31,368,3,60,5,84,20,201
 Aug-4-2022,26,401,4,62,7,99,15,221
 Aug-5-2022,21,468,6,96,4,88,11,265
 Aug-8-2022,43,575,9,65,7,104,25,379
 Aug-9-2022,20,401,6,79,4,72,9,231
 Aug-10-2022,37,400,10,84,9,72,16,228
 Aug-11-2022,29,415,12,117,4,67,12,212
 Aug-12-2022,21,387,7,60,8,62,5,255
 Aug-15-2022,28,346,6,38,7,81,14,208
 Aug-16-2022,25,286,11,60,7,71,7,144
 Aug-17-2022,19,260,8,72,7,65,2,113
 Aug-18-2022,22,257,2,65,6,56,12,129
 Aug-19-2022,24,359,7,103,6,68,10,174
 Aug-22-2022,80,753,51,417,15,117,13,206
 Aug-23-2022,83,562,64,282,11,102,8,161
 Aug-24-2022,112,548,82,328,15,75,13,138
 Aug-25-2022,91,556,71,320,12,91,8,131
 Aug-26-2022,100,761,86,441,6,107,8,200
 Aug-29-2022,386,1511,332,1042,33,170,21,289
 Aug-30-2022,325,1439,286,1108,34,145,5,170
 Aug-31-2022,291,1558,254,1184,24,168,12,184
 Sep-1-2022,206,1495,184,1133,18,175,4,173
 Sep-2-2022,167,1568,138,1111,20,209,9,232
 Sep-6-2022,157,1392,104,910,32,177,18,271
 Sep-7-2022,70,970,42,626,16,125,10,189
 Sep-8-2022,48,808,34,528,11,120,2,143
 Sep-9-2022,41,885,26,530,7,133,6,200
 Sep-12-2022,52,874,26,504,10,111,16,232
 Sep-13-2022,23,647,11,370,7,91,5,160
 Sep-14-2022,29,611,11,365,11,89,5,140
 Sep-15-2022,17,539,8,314,4,73,4,137
 Sep-16-2022,11,622,3,363,2,70,6,177
 Sep-19-2022,16,629,6,371,3,74,6,173
 Sep-20-2022,12,511,5,326,6,53,1,127
 Sep-21-2022,12,512,4,315,2,54,5,131
 Sep-22-2022,4,441,3,266,1,53,0,110
 Sep-23-2022,8,481,2,277,0,55,5,141
 Sep-26-2022,15,642,6,358,3,83,4,189
 Sep-27-2022,14,476,0,272,6,55,7,127
 Sep-28-2022,13,467,5,303,1,49,7,103
 Sep-29-2022,4,395,1,242,2,39,1,102
 Sep-30-2022,8,477,1,275,4,59,3,133
 Oct-3-2022,10,526,5,310,3,64,2,143
 Oct-4-2022,13,485,3,304,2,52,6,123
 Oct-5-2022,11,471,4,284,4,61,3,116
 Oct-6-2022,7,418,1,223,4,64,2,117
 Oct-7-2022,8,438,1,234,1,58,6,136
 Oct-10-2022,16,552,7,316,0,58,7,162
 Oct-11-2022,15,436,6,272,2,44,5,100
 Oct-12-2022,21,486,6,283,0,39,10,115
 Oct-13-2022,21,582,5,288,4,53,10,169
 Oct-14-2022,4,440,0,218,1,56,2,139
 Oct-17-2022,22,705,10,349,3,55,9,189
 Oct-18-2022,13,473,2,284,7,58,4,117
 Oct-19-2022,19,433,7,244,3,61,9,118
 Oct-20-2022,16,470,6,262,4,54,6,134
 Oct-21-2022,15,467,5,225,5,57,4,170
 Oct-24-2022,18,544,6,295,6,55,6,186
 Oct-25-2022,17,406,4,226,6,47,6,122
 Oct-26-2022,9,428,3,236,4,58,2,127
 Oct-27-2022,3,359,1,206,0,39,2,103
 Oct-28-2022,4,397,1,194,1,47,2,147
 Oct-31-2022,20,539,9,288,6,58,5,184
 Nov-1-2022,17,396,8,248,4,42,5,101
 Nov-2-2022,17,474,12,296,4,49,1,119
 Nov-3-2022,11,440,8,266,1,52,2,114
 Nov-4-2022,7,456,3,257,2,47,2,147
 Nov-7-2022,15,519,6,296,4,56,5,160
 Nov-9-2022,13,578,2,331,4,48,7,186
 Nov-10-2022,10,453,3,254,2,47,5,147
 Nov-11-2022,5,448,0,224,1,72,4,141
 Nov-14-2022,8,483,4,270,1,36,3,169
 Nov-15-2022,13,359,5,217,4,33,4,106
 Nov-16-2022,18,394,5,239,5,41,7,108
 Nov-17-2022,13,357,7,196,2,43,4,109
 Nov-18-2022,10,386,3,166,1,54,5,159
 Nov-28-2022,53,807,16,445,10,78,26,274
 Nov-29-2022,32,467,17,252,8,55,6,154
